{
  "clients": [
    {
      "id": "faith_house",
      "name": "Faith House Sober Living",
      "type": "sober_living",
      "bots": [
        "faith_house_main"
      ],
      "status": "active",
      "createdAt": "2025-11-27"
    },
    {
      "id": "demo",
      "name": "Demo Bots",
      "type": "demo",
      "bots": [
        "restaurant_demo",
        "barber_demo",
        "homeservice_demo",
        "autoservice_demo",
        "gym_demo"
      ],
      "status": "active",
      "createdAt": "2025-11-27"
    },
    {
      "id": "client_mikpx0m6",
      "name": "Sweet Dreams Bakery XGfjqE",
      "type": "restaurant",
      "bots": [
        "bot_sweet_dreams_bakery_xgfjqe_mikpx0m6"
      ],
      "status": "active",
      "createdAt": "2025-11-29"
    },
    {
      "id": "client_mim75jxk",
      "name": "Test Restaurant BHYFnr",
      "type": "restaurant",
      "bots": [
        "bot_test_restaurant_bhyfnr_mim75jxk"
      ],
      "status": "active",
      "createdAt": "2025-11-30"
    },
    {
      "id": "client_mim9o3e9",
      "name": "QA Test Restaurant",
      "type": "restaurant",
      "bots": [
        "bot_qa_test_restaurant_mim9o3e9"
      ],
      "status": "active",
      "createdAt": "2025-11-30"
    },
    {
      "id": "sunset_coffee_qa",
      "name": "Sunset Coffee Assistant",
      "type": "cafe",
      "bots": [
        "sunset_coffee_bot"
      ],
      "status": "active",
      "createdAt": "2025-12-03"
    },
    {
      "id": "test_bot_creation_qa_vbds",
      "name": "Test Bot Creation QA VBDS",
      "type": "auto_shop",
      "bots": [
        "test_bot_creation_qa_vbds_main"
      ],
      "status": "active",
      "createdAt": "2025-12-10"
    }
  ]
}